date,heure_debut,heure_fin,gagnant,duree_sec,pct_virus_final,virus_elimines,virus_spawnes_total,cases_nettoyees_wbc,n_wbc,virus_speed,wbc_speed,virus_spawn_interval,virus_spawn_batch,virus_max,boid_separation_radius,boid_w_separation,boid_w_alignment,boid_w_cohesion,boid_w_hunt,boid_w_avoid_wall,virus_win_coverage_pct,wbc_win_time
2026-04-13,22:33:57,22:34:08,virus,95.8,40.02,109,126,1035,14,55.0,75.0,1.8,2,120,30.0,1.8,0.9,0.7,1.4,2.0,40.0,120.0
2026-04-13,22:34:08,22:34:18,virus,92.4,40.03,103,122,1040,14,55.0,75.0,1.8,2,120,30.0,1.8,0.9,0.7,1.4,2.0,40.0,120.0
2026-04-13,22:34:19,22:34:30,virus,103.8,40.00,120,134,1410,14,55.0,75.0,1.8,2,120,30.0,1.8,0.9,0.7,1.4,2.0,40.0,120.0
2026-04-13,22:34:30,22:34:43,wbc,120.1,39.02,144,152,1390,14,55.0,75.0,1.8,2,120,30.0,1.8,0.9,0.7,1.4,2.0,50.0,120.0
2026-04-13,22:34:43,22:34:56,virus,115.7,50.00,128,148,1362,14,55.0,75.0,1.8,2,120,30.0,1.8,0.9,0.7,1.4,2.0,50.0,120.0
2026-04-13,22:34:56,22:35:09,wbc,120.1,41.17,137,152,1422,14,55.0,75.0,1.8,2,120,30.0,1.8,0.9,0.7,1.4,2.0,50.0,120.0
2026-04-13,22:35:09,22:35:23,wbc,120.1,44.38,138,152,1365,14,55.0,75.0,1.8,2,120,30.0,1.8,0.9,0.7,1.4,2.0,60.0,120.0
2026-04-13,22:35:23,22:35:35,wbc,120.1,43.62,141,152,1434,14,55.0,75.0,1.8,2,120,30.0,1.8,0.9,0.7,1.4,2.0,60.0,120.0
2026-04-13,22:35:35,22:35:49,wbc,120.1,46.27,139,152,1530,14,55.0,75.0,1.8,2,120,30.0,1.8,0.9,0.7,1.4,2.0,60.0,120.0
2026-04-13,22:35:49,22:36:03,wbc,120.1,44.85,138,152,1670,14,55.0,75.0,1.8,2,120,30.0,1.8,0.9,0.7,1.4,2.0,70.0,120.0
2026-04-13,22:36:03,22:36:18,wbc,120.1,46.09,143,152,1452,14,55.0,75.0,1.8,2,120,30.0,1.8,0.9,0.7,1.4,2.0,70.0,120.0
2026-04-13,22:36:18,22:36:32,wbc,120.1,43.11,139,152,1624,14,55.0,75.0,1.8,2,120,30.0,1.8,0.9,0.7,1.4,2.0,70.0,120.0
2026-04-13,22:36:32,22:36:45,wbc,120.1,42.54,138,152,1475,14,55.0,75.0,1.8,2,120,30.0,1.8,0.9,0.7,1.4,2.0,80.0,120.0
2026-04-13,22:36:45,22:36:59,wbc,120.1,47.12,136,152,1586,14,55.0,75.0,1.8,2,120,30.0,1.8,0.9,0.7,1.4,2.0,80.0,120.0
2026-04-13,22:36:59,22:37:13,wbc,120.1,49.35,137,152,1322,14,55.0,75.0,1.8,2,120,30.0,1.8,0.9,0.7,1.4,2.0,80.0,120.0
2026-04-13,22:37:14,22:37:21,wbc,60.0,29.30,71,86,540,14,55.0,75.0,1.8,2,120,30.0,1.8,0.9,0.7,1.4,2.0,50.0,60.0
2026-04-13,22:37:21,22:37:29,wbc,60.0,29.37,71,86,734,14,55.0,75.0,1.8,2,120,30.0,1.8,0.9,0.7,1.4,2.0,50.0,60.0
2026-04-13,22:37:29,22:37:37,wbc,60.0,31.94,67,86,635,14,55.0,75.0,1.8,2,120,30.0,1.8,0.9,0.7,1.4,2.0,50.0,60.0
2026-04-13,22:37:37,22:37:48,wbc,90.1,40.29,104,120,1027,14,55.0,75.0,1.8,2,120,30.0,1.8,0.9,0.7,1.4,2.0,50.0,90.0
2026-04-13,22:37:49,22:37:59,wbc,90.1,35.53,106,120,1089,14,55.0,75.0,1.8,2,120,30.0,1.8,0.9,0.7,1.4,2.0,50.0,90.0
2026-04-13,22:38:00,22:38:10,wbc,90.1,39.70,106,120,1060,14,55.0,75.0,1.8,2,120,30.0,1.8,0.9,0.7,1.4,2.0,50.0,90.0
2026-04-13,22:38:11,22:38:25,wbc,120.1,48.71,142,152,1568,14,55.0,75.0,1.8,2,120,30.0,1.8,0.9,0.7,1.4,2.0,50.0,120.0
2026-04-13,22:38:25,22:38:39,wbc,120.1,47.15,136,152,1621,14,55.0,75.0,1.8,2,120,30.0,1.8,0.9,0.7,1.4,2.0,50.0,120.0
2026-04-13,22:38:39,22:38:53,wbc,120.1,44.78,138,152,1670,14,55.0,75.0,1.8,2,120,30.0,1.8,0.9,0.7,1.4,2.0,50.0,120.0
2026-04-13,22:38:54,22:39:09,virus,130.7,50.01,138,164,1651,14,55.0,75.0,1.8,2,120,30.0,1.8,0.9,0.7,1.4,2.0,50.0,150.0
2026-04-13,22:39:09,22:39:24,virus,124.7,50.00,146,158,1433,14,55.0,75.0,1.8,2,120,30.0,1.8,0.9,0.7,1.4,2.0,50.0,150.0
2026-04-13,22:39:24,22:39:39,virus,133.3,50.04,148,168,1757,14,55.0,75.0,1.8,2,120,30.0,1.8,0.9,0.7,1.4,2.0,50.0,150.0
2026-04-13,22:39:39,22:39:54,virus,134.2,50.01,152,168,1510,14,55.0,75.0,1.8,2,120,30.0,1.8,0.9,0.7,1.4,2.0,50.0,180.0
2026-04-13,22:39:55,22:40:11,virus,143.6,50.01,164,178,1542,14,55.0,75.0,1.8,2,120,30.0,1.8,0.9,0.7,1.4,2.0,50.0,180.0
2026-04-13,22:40:11,22:40:28,virus,139.6,50.00,160,174,1928,14,55.0,75.0,1.8,2,120,30.0,1.8,0.9,0.7,1.4,2.0,50.0,180.0
2026-04-13,22:40:28,22:40:43,wbc,120.1,47.05,136,152,1762,14,35.0,75.0,1.8,2,120,30.0,1.8,0.9,0.7,1.4,2.0,50.0,120.0
2026-04-13,22:40:44,22:40:57,wbc,120.1,43.69,139,152,1182,14,35.0,75.0,1.8,2,120,30.0,1.8,0.9,0.7,1.4,2.0,50.0,120.0
2026-04-13,22:40:57,22:41:11,wbc,120.1,45.50,137,152,1394,14,35.0,75.0,1.8,2,120,30.0,1.8,0.9,0.7,1.4,2.0,50.0,120.0
2026-04-13,22:41:11,22:41:25,wbc,120.1,44.51,140,152,1384,14,45.0,75.0,1.8,2,120,30.0,1.8,0.9,0.7,1.4,2.0,50.0,120.0
2026-04-13,22:41:25,22:41:39,wbc,120.1,44.09,130,152,1386,14,45.0,75.0,1.8,2,120,30.0,1.8,0.9,0.7,1.4,2.0,50.0,120.0
2026-04-13,22:41:40,22:41:54,wbc,120.1,46.42,129,152,1450,14,45.0,75.0,1.8,2,120,30.0,1.8,0.9,0.7,1.4,2.0,50.0,120.0
2026-04-13,22:41:55,22:42:09,virus,114.9,50.01,128,146,1216,14,55.0,75.0,1.8,2,120,30.0,1.8,0.9,0.7,1.4,2.0,50.0,120.0
2026-04-13,22:42:09,22:42:22,wbc,120.1,44.53,136,152,1227,14,55.0,75.0,1.8,2,120,30.0,1.8,0.9,0.7,1.4,2.0,50.0,120.0
2026-04-13,22:42:22,22:42:37,wbc,120.1,48.62,140,152,1495,14,55.0,75.0,1.8,2,120,30.0,1.8,0.9,0.7,1.4,2.0,50.0,120.0
2026-04-13,22:42:38,22:42:52,wbc,120.1,48.71,132,152,1445,14,65.0,75.0,1.8,2,120,30.0,1.8,0.9,0.7,1.4,2.0,50.0,120.0
2026-04-13,22:42:52,22:43:05,wbc,120.1,44.19,138,152,1454,14,65.0,75.0,1.8,2,120,30.0,1.8,0.9,0.7,1.4,2.0,50.0,120.0
2026-04-13,22:43:05,22:43:19,virus,119.6,50.01,135,152,1318,14,65.0,75.0,1.8,2,120,30.0,1.8,0.9,0.7,1.4,2.0,50.0,120.0
2026-04-13,22:43:19,22:43:34,wbc,120.1,48.94,135,152,1298,14,75.0,75.0,1.8,2,120,30.0,1.8,0.9,0.7,1.4,2.0,50.0,120.0
2026-04-13,22:43:34,22:43:48,wbc,120.1,46.76,138,152,1469,14,75.0,75.0,1.8,2,120,30.0,1.8,0.9,0.7,1.4,2.0,50.0,120.0
2026-04-13,22:43:48,22:44:02,wbc,120.1,42.01,139,152,1555,14,75.0,75.0,1.8,2,120,30.0,1.8,0.9,0.7,1.4,2.0,50.0,120.0
2026-04-13,22:44:02,22:44:17,wbc,120.1,48.99,134,152,1511,14,55.0,75.0,1.8,2,120,30.0,1.8,0.9,0.7,1.4,2.0,50.0,120.0
2026-04-13,22:44:17,22:44:32,wbc,120.1,48.49,141,152,1526,14,55.0,75.0,1.8,2,120,30.0,1.8,0.9,0.7,1.4,2.0,50.0,120.0
2026-04-13,22:44:33,22:44:46,wbc,120.1,43.91,139,152,1259,14,55.0,75.0,1.8,2,120,30.0,1.8,0.9,0.7,1.4,2.0,50.0,120.0
2026-04-13,22:44:47,22:45:00,wbc,120.1,40.38,139,152,1617,14,55.0,75.0,1.8,2,120,30.0,1.8,0.9,0.7,1.4,2.0,50.0,120.0
2026-04-13,22:45:00,22:45:15,wbc,120.1,46.35,139,152,1694,14,55.0,75.0,1.8,2,120,30.0,1.8,0.9,0.7,1.4,2.0,50.0,120.0
2026-04-13,22:45:15,22:45:29,wbc,120.1,43.77,138,152,1496,14,55.0,75.0,1.8,2,120,30.0,1.8,0.9,0.7,1.4,2.0,50.0,120.0
2026-04-13,22:45:29,22:45:43,wbc,120.1,46.71,138,152,1368,14,55.0,75.0,1.8,2,120,30.0,1.8,0.9,0.7,1.4,2.0,50.0,120.0
2026-04-13,22:45:43,22:45:57,wbc,120.1,45.52,138,152,1582,14,55.0,75.0,1.8,2,120,30.0,1.8,0.9,0.7,1.4,2.0,50.0,120.0
2026-04-13,22:45:57,22:46:12,wbc,120.1,43.21,136,152,1494,14,55.0,75.0,1.8,2,120,30.0,1.8,0.9,0.7,1.4,2.0,50.0,120.0
2026-04-13,22:46:12,22:46:27,wbc,120.1,48.47,135,152,1576,14,55.0,75.0,1.8,2,120,30.0,1.8,0.9,0.7,1.4,2.0,50.0,120.0
2026-04-13,22:46:27,22:46:41,wbc,120.1,44.95,143,152,1363,14,55.0,75.0,1.8,2,120,30.0,1.8,0.9,0.7,1.4,2.0,50.0,120.0
2026-04-13,22:46:42,22:46:55,wbc,120.1,44.83,137,152,1547,14,55.0,75.0,1.8,2,120,30.0,1.8,0.9,0.7,1.4,2.0,50.0,120.0
2026-04-13,22:46:55,22:47:09,wbc,120.1,45.06,135,152,1492,14,55.0,75.0,1.8,2,120,30.0,1.8,0.9,0.7,1.4,2.0,50.0,120.0
2026-04-13,22:47:09,22:47:23,wbc,120.1,45.03,140,152,1366,14,55.0,75.0,1.8,2,120,30.0,1.8,0.9,0.7,1.4,2.0,50.0,120.0
2026-04-13,22:47:23,22:47:37,wbc,120.1,46.17,136,152,1183,14,55.0,75.0,1.8,2,120,30.0,1.8,0.9,0.7,1.4,2.0,50.0,120.0
2026-04-13,22:47:37,22:47:51,wbc,120.1,43.76,141,152,1545,14,55.0,75.0,1.8,2,120,30.0,1.8,0.9,0.7,1.4,2.0,50.0,120.0
2026-04-13,22:47:52,22:48:06,wbc,120.1,44.22,135,152,1443,14,55.0,75.0,1.8,2,120,30.0,1.8,0.9,0.7,1.4,2.0,50.0,120.0
2026-04-13,22:48:06,22:48:20,wbc,120.1,48.58,138,152,1505,14,55.0,75.0,1.8,2,120,30.0,1.8,0.9,0.7,1.4,2.0,50.0,120.0
2026-04-13,22:48:20,22:48:35,wbc,120.1,46.75,136,152,1397,14,55.0,75.0,1.8,2,120,30.0,1.8,0.9,0.7,1.4,2.0,50.0,120.0
2026-04-13,22:48:35,22:48:50,wbc,120.1,46.92,135,152,1627,14,55.0,75.0,1.8,2,120,30.0,1.8,0.9,0.7,1.4,2.0,50.0,120.0
2026-04-13,22:48:50,22:49:04,wbc,120.1,44.46,141,152,1478,14,55.0,75.0,1.8,2,120,30.0,1.8,0.9,0.7,1.4,2.0,50.0,120.0
2026-04-13,22:49:04,22:49:18,wbc,120.1,47.99,137,152,1449,14,55.0,75.0,1.8,2,120,30.0,1.8,0.9,0.7,1.4,2.0,50.0,120.0
2026-04-13,22:49:18,22:49:32,wbc,120.1,47.75,135,152,1442,14,55.0,75.0,1.8,2,120,30.0,1.8,0.9,0.7,1.4,2.0,50.0,120.0
2026-04-13,22:49:32,22:49:46,wbc,120.1,49.63,139,152,1375,14,55.0,75.0,1.8,2,120,30.0,1.8,0.9,0.7,1.4,2.0,50.0,120.0
2026-04-13,22:49:46,22:50:00,wbc,120.1,41.24,140,152,1532,14,55.0,75.0,1.8,2,120,30.0,1.8,0.9,0.7,1.4,2.0,50.0,120.0
2026-04-13,22:50:00,22:50:14,wbc,120.1,43.95,136,152,1527,14,55.0,75.0,1.8,2,120,30.0,1.8,0.9,0.7,1.4,2.0,50.0,120.0
2026-04-13,22:50:14,22:50:28,wbc,120.1,43.92,141,152,1499,14,55.0,75.0,1.8,2,120,30.0,1.8,0.9,0.7,1.4,2.0,50.0,120.0
2026-04-13,22:50:29,22:50:44,wbc,120.1,46.74,137,152,1488,14,55.0,75.0,1.8,2,120,30.0,1.8,0.9,0.7,1.4,2.0,50.0,120.0
2026-04-13,22:50:44,22:50:57,wbc,120.1,42.12,139,152,1414,14,55.0,75.0,1.8,2,120,30.0,1.8,0.9,0.7,1.4,2.0,50.0,120.0
2026-04-13,22:50:58,22:51:11,wbc,120.1,47.35,139,152,1578,14,55.0,75.0,1.8,2,120,30.0,1.8,0.9,0.7,1.4,2.0,50.0,120.0
2026-04-13,22:51:11,22:51:23,virus,64.4,50.06,101,136,830,14,55.0,75.0,1.0,2,120,30.0,1.8,0.9,0.7,1.4,2.0,50.0,120.0
2026-04-13,22:51:23,22:51:36,virus,82.0,50.04,141,168,1064,14,55.0,75.0,1.0,2,120,30.0,1.8,0.9,0.7,1.4,2.0,50.0,120.0
2026-04-13,22:51:36,22:51:48,virus,81.0,50.04,135,166,1004,14,55.0,75.0,1.0,2,120,30.0,1.8,0.9,0.7,1.4,2.0,50.0,120.0
2026-04-13,22:51:49,22:52:05,wbc,120.1,49.02,170,190,1597,14,55.0,75.0,1.4,2,120,30.0,1.8,0.9,0.7,1.4,2.0,50.0,120.0
2026-04-13,22:52:05,22:52:20,virus,118.9,50.02,171,188,1421,14,55.0,75.0,1.4,2,120,30.0,1.8,0.9,0.7,1.4,2.0,50.0,120.0
2026-04-13,22:52:20,22:52:34,virus,109.8,50.01,157,176,1148,14,55.0,75.0,1.4,2,120,30.0,1.8,0.9,0.7,1.4,2.0,50.0,120.0
2026-04-13,22:52:34,22:52:48,wbc,120.1,43.18,136,152,1452,14,55.0,75.0,1.8,2,120,30.0,1.8,0.9,0.7,1.4,2.0,50.0,120.0
2026-04-13,22:52:48,22:53:03,wbc,120.1,49.65,137,152,1552,14,55.0,75.0,1.8,2,120,30.0,1.8,0.9,0.7,1.4,2.0,50.0,120.0
2026-04-13,22:53:03,22:53:17,wbc,120.1,48.10,142,152,1626,14,55.0,75.0,1.8,2,120,30.0,1.8,0.9,0.7,1.4,2.0,50.0,120.0
2026-04-13,22:53:17,22:53:31,wbc,120.1,46.12,117,128,1389,14,55.0,75.0,2.2,2,120,30.0,1.8,0.9,0.7,1.4,2.0,50.0,120.0
2026-04-13,22:53:31,22:53:43,wbc,120.1,44.88,115,128,1303,14,55.0,75.0,2.2,2,120,30.0,1.8,0.9,0.7,1.4,2.0,50.0,120.0
2026-04-13,22:53:43,22:53:56,wbc,120.1,39.36,117,128,1282,14,55.0,75.0,2.2,2,120,30.0,1.8,0.9,0.7,1.4,2.0,50.0,120.0
2026-04-13,22:53:56,22:54:08,wbc,120.1,34.27,94,104,1380,14,55.0,75.0,2.8,2,120,30.0,1.8,0.9,0.7,1.4,2.0,50.0,120.0
2026-04-13,22:54:08,22:54:20,wbc,120.1,33.07,95,104,1408,14,55.0,75.0,2.8,2,120,30.0,1.8,0.9,0.7,1.4,2.0,50.0,120.0
2026-04-13,22:54:20,22:54:31,wbc,120.1,35.38,94,104,1332,14,55.0,75.0,2.8,2,120,30.0,1.8,0.9,0.7,1.4,2.0,50.0,120.0
2026-04-13,22:54:31,22:54:42,wbc,120.1,29.72,80,86,1315,14,55.0,75.0,1.8,1,120,30.0,1.8,0.9,0.7,1.4,2.0,50.0,120.0
2026-04-13,22:54:42,22:54:53,wbc,120.1,29.94,76,86,1258,14,55.0,75.0,1.8,1,120,30.0,1.8,0.9,0.7,1.4,2.0,50.0,120.0
2026-04-13,22:54:53,22:55:03,wbc,120.1,24.14,80,86,1318,14,55.0,75.0,1.8,1,120,30.0,1.8,0.9,0.7,1.4,2.0,50.0,120.0
2026-04-13,22:55:03,22:55:17,wbc,120.1,49.09,143,152,1753,14,55.0,75.0,1.8,2,120,30.0,1.8,0.9,0.7,1.4,2.0,50.0,120.0
2026-04-13,22:55:17,22:55:31,wbc,120.1,44.99,139,152,1405,14,55.0,75.0,1.8,2,120,30.0,1.8,0.9,0.7,1.4,2.0,50.0,120.0
2026-04-13,22:55:31,22:55:46,wbc,120.1,46.44,135,152,1348,14,55.0,75.0,1.8,2,120,30.0,1.8,0.9,0.7,1.4,2.0,50.0,120.0
2026-04-13,22:55:46,22:55:58,virus,83.5,50.00,133,158,1077,14,55.0,75.0,1.8,3,120,30.0,1.8,0.9,0.7,1.4,2.0,50.0,120.0
2026-04-13,22:55:58,22:56:11,virus,91.2,50.01,143,170,1209,14,55.0,75.0,1.8,3,120,30.0,1.8,0.9,0.7,1.4,2.0,50.0,120.0
2026-04-13,22:56:12,22:56:25,virus,104.0,50.01,179,191,1435,14,55.0,75.0,1.8,3,120,30.0,1.8,0.9,0.7,1.4,2.0,50.0,120.0
2026-04-13,22:56:25,22:56:37,virus,65.6,50.01,138,164,836,14,55.0,75.0,1.8,4,120,30.0,1.8,0.9,0.7,1.4,2.0,50.0,120.0
2026-04-13,22:56:37,22:56:50,virus,75.4,50.01,146,184,839,14,55.0,75.0,1.8,4,120,30.0,1.8,0.9,0.7,1.4,2.0,50.0,120.0
2026-04-13,22:56:50,22:57:03,virus,68.5,50.06,137,172,852,14,55.0,75.0,1.8,4,120,30.0,1.8,0.9,0.7,1.4,2.0,50.0,120.0
2026-04-13,22:57:03,22:57:15,virus,50.6,50.06,116,160,584,14,55.0,75.0,1.8,5,120,30.0,1.8,0.9,0.7,1.4,2.0,50.0,120.0
2026-04-13,22:57:15,22:57:25,virus,47.1,50.01,111,150,539,14,55.0,75.0,1.8,5,120,30.0,1.8,0.9,0.7,1.4,2.0,50.0,120.0
2026-04-13,22:57:25,22:57:39,virus,64.7,50.06,158,195,746,14,55.0,75.0,1.8,5,120,30.0,1.8,0.9,0.7,1.4,2.0,50.0,120.0
2026-04-13,22:57:39,22:57:54,wbc,120.1,47.72,140,152,1514,14,55.0,75.0,1.8,2,80,30.0,1.8,0.9,0.7,1.4,2.0,50.0,120.0
2026-04-13,22:57:54,22:58:09,wbc,120.1,45.32,135,152,1575,14,55.0,75.0,1.8,2,80,30.0,1.8,0.9,0.7,1.4,2.0,50.0,120.0
2026-04-13,22:58:09,22:58:22,wbc,120.1,40.94,140,152,1453,14,55.0,75.0,1.8,2,80,30.0,1.8,0.9,0.7,1.4,2.0,50.0,120.0
2026-04-13,22:58:22,22:58:36,wbc,120.1,37.68,141,152,1515,14,55.0,75.0,1.8,2,100,30.0,1.8,0.9,0.7,1.4,2.0,50.0,120.0
2026-04-13,22:58:36,22:58:49,virus,98.1,50.00,107,128,1037,14,55.0,75.0,1.8,2,100,30.0,1.8,0.9,0.7,1.4,2.0,50.0,120.0
2026-04-13,22:58:49,22:59:02,wbc,120.1,48.97,142,152,1378,14,55.0,75.0,1.8,2,100,30.0,1.8,0.9,0.7,1.4,2.0,50.0,120.0
2026-04-13,22:59:02,22:59:17,wbc,120.1,44.22,142,152,1432,14,55.0,75.0,1.8,2,120,30.0,1.8,0.9,0.7,1.4,2.0,50.0,120.0
2026-04-13,22:59:17,22:59:30,wbc,120.1,41.79,136,152,1483,14,55.0,75.0,1.8,2,120,30.0,1.8,0.9,0.7,1.4,2.0,50.0,120.0
2026-04-13,22:59:30,22:59:44,wbc,120.1,45.59,140,152,1507,14,55.0,75.0,1.8,2,120,30.0,1.8,0.9,0.7,1.4,2.0,50.0,120.0
2026-04-13,22:59:45,22:59:58,wbc,120.1,43.06,137,152,1609,14,55.0,75.0,1.8,2,140,30.0,1.8,0.9,0.7,1.4,2.0,50.0,120.0
2026-04-13,22:59:58,23:00:12,virus,118.4,50.05,132,150,1622,14,55.0,75.0,1.8,2,140,30.0,1.8,0.9,0.7,1.4,2.0,50.0,120.0
2026-04-13,23:00:12,23:00:26,wbc,120.1,41.94,139,152,1710,14,55.0,75.0,1.8,2,140,30.0,1.8,0.9,0.7,1.4,2.0,50.0,120.0
2026-04-13,23:00:26,23:00:39,wbc,120.1,37.36,138,152,1423,14,55.0,75.0,1.8,2,160,30.0,1.8,0.9,0.7,1.4,2.0,50.0,120.0
2026-04-13,23:00:39,23:00:55,wbc,120.1,48.92,137,152,1619,14,55.0,75.0,1.8,2,160,30.0,1.8,0.9,0.7,1.4,2.0,50.0,120.0
2026-04-13,23:00:55,23:01:09,wbc,120.1,49.11,138,152,1434,14,55.0,75.0,1.8,2,160,30.0,1.8,0.9,0.7,1.4,2.0,50.0,120.0
2026-04-13,23:01:09,23:01:18,virus,113.6,50.01,127,146,1057,8,55.0,75.0,1.8,2,120,30.0,1.8,0.9,0.7,1.4,2.0,50.0,120.0
2026-04-13,23:01:18,23:01:27,wbc,120.1,46.10,139,152,1214,8,55.0,75.0,1.8,2,120,30.0,1.8,0.9,0.7,1.4,2.0,50.0,120.0
2026-04-13,23:01:27,23:01:36,wbc,120.1,40.85,140,152,1315,8,55.0,75.0,1.8,2,120,30.0,1.8,0.9,0.7,1.4,2.0,50.0,120.0
2026-04-13,23:01:36,23:01:47,wbc,120.1,44.95,139,152,1251,10,55.0,75.0,1.8,2,120,30.0,1.8,0.9,0.7,1.4,2.0,50.0,120.0
2026-04-13,23:01:47,23:01:58,virus,117.7,50.00,131,150,1309,10,55.0,75.0,1.8,2,120,30.0,1.8,0.9,0.7,1.4,2.0,50.0,120.0
2026-04-13,23:01:58,23:02:09,wbc,120.1,47.03,138,152,1335,10,55.0,75.0,1.8,2,120,30.0,1.8,0.9,0.7,1.4,2.0,50.0,120.0
2026-04-13,23:02:09,23:02:24,wbc,120.1,42.32,138,152,1450,14,55.0,75.0,1.8,2,120,30.0,1.8,0.9,0.7,1.4,2.0,50.0,120.0
2026-04-13,23:02:24,23:02:39,wbc,120.1,46.95,132,152,1350,14,55.0,75.0,1.8,2,120,30.0,1.8,0.9,0.7,1.4,2.0,50.0,120.0
2026-04-13,23:02:39,23:02:52,wbc,120.1,42.48,136,152,1465,14,55.0,75.0,1.8,2,120,30.0,1.8,0.9,0.7,1.4,2.0,50.0,120.0
2026-04-13,23:02:53,23:03:10,wbc,120.1,41.58,140,152,1574,18,55.0,75.0,1.8,2,120,30.0,1.8,0.9,0.7,1.4,2.0,50.0,120.0
2026-04-13,23:03:10,23:03:28,wbc,120.1,45.35,139,152,1580,18,55.0,75.0,1.8,2,120,30.0,1.8,0.9,0.7,1.4,2.0,50.0,120.0
2026-04-13,23:03:29,23:03:45,wbc,120.1,39.51,139,152,1445,18,55.0,75.0,1.8,2,120,30.0,1.8,0.9,0.7,1.4,2.0,50.0,120.0
2026-04-13,23:03:45,23:04:06,wbc,120.1,36.92,143,152,1806,22,55.0,75.0,1.8,2,120,30.0,1.8,0.9,0.7,1.4,2.0,50.0,120.0
2026-04-13,23:04:07,23:04:28,wbc,120.1,45.23,139,152,1630,22,55.0,75.0,1.8,2,120,30.0,1.8,0.9,0.7,1.4,2.0,50.0,120.0
2026-04-13,23:04:28,23:04:51,wbc,120.1,41.90,144,152,1925,22,55.0,75.0,1.8,2,120,30.0,1.8,0.9,0.7,1.4,2.0,50.0,120.0
2026-04-13,23:04:51,23:05:04,wbc,120.1,39.06,139,152,1442,14,55.0,55.0,1.8,2,120,30.0,1.8,0.9,0.7,1.4,2.0,50.0,120.0
2026-04-13,23:05:04,23:05:20,wbc,120.1,44.70,138,152,1538,14,55.0,55.0,1.8,2,120,30.0,1.8,0.9,0.7,1.4,2.0,50.0,120.0
2026-04-13,23:05:20,23:05:33,wbc,120.1,37.88,141,152,1337,14,55.0,55.0,1.8,2,120,30.0,1.8,0.9,0.7,1.4,2.0,50.0,120.0
2026-04-13,23:05:33,23:05:46,wbc,120.1,44.04,138,152,1582,14,55.0,65.0,1.8,2,120,30.0,1.8,0.9,0.7,1.4,2.0,50.0,120.0
2026-04-13,23:05:47,23:06:00,wbc,120.1,45.08,136,152,1418,14,55.0,65.0,1.8,2,120,30.0,1.8,0.9,0.7,1.4,2.0,50.0,120.0
2026-04-13,23:06:00,23:06:13,wbc,120.1,43.67,142,152,1270,14,55.0,65.0,1.8,2,120,30.0,1.8,0.9,0.7,1.4,2.0,50.0,120.0
2026-04-13,23:06:13,23:06:27,wbc,120.1,46.78,133,152,1429,14,55.0,75.0,1.8,2,120,30.0,1.8,0.9,0.7,1.4,2.0,50.0,120.0
2026-04-13,23:06:27,23:06:42,wbc,120.1,47.42,139,152,1513,14,55.0,75.0,1.8,2,120,30.0,1.8,0.9,0.7,1.4,2.0,50.0,120.0
2026-04-13,23:06:42,23:06:57,wbc,120.1,44.12,136,152,1556,14,55.0,75.0,1.8,2,120,30.0,1.8,0.9,0.7,1.4,2.0,50.0,120.0
2026-04-13,23:06:57,23:07:11,virus,112.5,50.04,127,144,1488,14,55.0,85.0,1.8,2,120,30.0,1.8,0.9,0.7,1.4,2.0,50.0,120.0
2026-04-13,23:07:11,23:07:25,wbc,120.1,45.78,140,152,1527,14,55.0,85.0,1.8,2,120,30.0,1.8,0.9,0.7,1.4,2.0,50.0,120.0
2026-04-13,23:07:25,23:07:39,wbc,120.1,47.18,136,152,1242,14,55.0,85.0,1.8,2,120,30.0,1.8,0.9,0.7,1.4,2.0,50.0,120.0
2026-04-13,23:07:39,23:07:52,wbc,120.1,44.39,141,152,1465,14,55.0,95.0,1.8,2,120,30.0,1.8,0.9,0.7,1.4,2.0,50.0,120.0
2026-04-13,23:07:52,23:08:07,wbc,120.1,44.14,134,152,1480,14,55.0,95.0,1.8,2,120,30.0,1.8,0.9,0.7,1.4,2.0,50.0,120.0
2026-04-13,23:08:07,23:08:20,wbc,120.1,40.34,138,152,1525,14,55.0,95.0,1.8,2,120,30.0,1.8,0.9,0.7,1.4,2.0,50.0,120.0
2026-04-13,23:08:21,23:08:34,wbc,120.1,48.28,137,152,1374,14,55.0,75.0,1.8,2,120,30.0,1.8,0.9,0.7,1.4,2.0,50.0,120.0
2026-04-13,23:08:34,23:08:48,wbc,120.1,44.72,133,152,1506,14,55.0,75.0,1.8,2,120,30.0,1.8,0.9,0.7,1.4,2.0,50.0,120.0
2026-04-13,23:08:48,23:09:03,wbc,120.1,44.04,133,152,1523,14,55.0,75.0,1.8,2,120,30.0,1.8,0.9,0.7,1.4,2.0,50.0,120.0
2026-04-13,23:09:03,23:09:17,wbc,120.1,46.85,139,152,1590,14,55.0,75.0,1.8,2,120,30.0,1.8,0.9,0.7,1.4,2.0,50.0,120.0
2026-04-13,23:09:17,23:09:31,wbc,120.1,42.54,137,152,1266,14,55.0,75.0,1.8,2,120,30.0,1.8,0.9,0.7,1.4,2.0,50.0,120.0
2026-04-13,23:09:31,23:09:44,virus,103.0,50.03,117,134,1187,14,55.0,75.0,1.8,2,120,30.0,1.8,0.9,0.7,1.4,2.0,50.0,120.0
2026-04-13,23:09:44,23:09:58,wbc,120.1,48.29,137,152,1681,14,55.0,75.0,1.8,2,120,30.0,1.8,0.9,0.7,1.4,2.0,50.0,120.0
2026-04-13,23:09:58,23:10:13,wbc,120.1,48.14,138,152,1652,14,55.0,75.0,1.8,2,120,30.0,1.8,0.9,0.7,1.4,2.0,50.0,120.0
2026-04-13,23:10:13,23:10:26,wbc,120.1,48.82,136,152,1412,14,55.0,75.0,1.8,2,120,30.0,1.8,0.9,0.7,1.4,2.0,50.0,120.0
2026-04-13,23:10:26,23:10:39,wbc,120.1,39.17,140,152,1482,14,55.0,75.0,1.8,2,120,30.0,1.8,0.9,0.7,1.4,2.0,50.0,120.0
2026-04-13,23:10:39,23:10:53,wbc,120.1,41.49,140,152,1457,14,55.0,75.0,1.8,2,120,30.0,1.8,0.9,0.7,1.4,2.0,50.0,120.0
2026-04-13,23:10:53,23:11:07,wbc,120.1,47.74,138,152,1439,14,55.0,75.0,1.8,2,120,30.0,1.8,0.9,0.7,1.4,2.0,50.0,120.0
2026-04-13,23:11:07,23:11:20,wbc,120.1,41.44,143,152,1479,14,55.0,75.0,1.8,2,120,30.0,1.8,0.9,0.7,1.4,2.0,50.0,120.0
2026-04-13,23:11:20,23:11:34,wbc,120.1,44.05,131,152,1397,14,55.0,75.0,1.8,2,120,30.0,1.8,0.9,0.7,1.4,2.0,50.0,120.0
2026-04-13,23:11:34,23:11:48,wbc,120.1,44.87,136,152,1402,14,55.0,75.0,1.8,2,120,30.0,1.8,0.9,0.7,1.4,2.0,50.0,120.0
2026-04-13,23:11:48,23:12:01,wbc,120.1,47.69,133,152,1301,14,55.0,75.0,1.8,2,120,15.0,1.8,0.9,0.7,1.4,2.0,50.0,120.0
2026-04-13,23:12:01,23:12:16,virus,117.7,50.01,133,150,1472,14,55.0,75.0,1.8,2,120,15.0,1.8,0.9,0.7,1.4,2.0,50.0,120.0
2026-04-13,23:12:16,23:12:31,wbc,120.1,46.10,135,152,1734,14,55.0,75.0,1.8,2,120,15.0,1.8,0.9,0.7,1.4,2.0,50.0,120.0
2026-04-13,23:12:31,23:12:45,wbc,120.1,43.12,131,152,1491,14,55.0,75.0,1.8,2,120,22.0,1.8,0.9,0.7,1.4,2.0,50.0,120.0
2026-04-13,23:12:45,23:13:00,wbc,120.1,46.35,139,152,1618,14,55.0,75.0,1.8,2,120,22.0,1.8,0.9,0.7,1.4,2.0,50.0,120.0
2026-04-13,23:13:00,23:13:14,wbc,120.1,44.72,138,152,1618,14,55.0,75.0,1.8,2,120,22.0,1.8,0.9,0.7,1.4,2.0,50.0,120.0
2026-04-13,23:13:14,23:13:28,wbc,120.1,43.34,138,152,1566,14,55.0,75.0,1.8,2,120,30.0,1.8,0.9,0.7,1.4,2.0,50.0,120.0
2026-04-13,23:13:28,23:13:42,wbc,120.1,43.04,139,152,1308,14,55.0,75.0,1.8,2,120,30.0,1.8,0.9,0.7,1.4,2.0,50.0,120.0
2026-04-13,23:13:42,23:13:55,wbc,120.1,39.11,136,152,1629,14,55.0,75.0,1.8,2,120,30.0,1.8,0.9,0.7,1.4,2.0,50.0,120.0
2026-04-13,23:13:55,23:14:09,wbc,120.1,44.47,139,152,1675,14,55.0,75.0,1.8,2,120,40.0,1.8,0.9,0.7,1.4,2.0,50.0,120.0
2026-04-13,23:14:09,23:14:23,wbc,120.1,48.47,137,152,1527,14,55.0,75.0,1.8,2,120,40.0,1.8,0.9,0.7,1.4,2.0,50.0,120.0
2026-04-13,23:14:23,23:14:38,wbc,120.1,45.03,138,152,1642,14,55.0,75.0,1.8,2,120,40.0,1.8,0.9,0.7,1.4,2.0,50.0,120.0
2026-04-13,23:14:38,23:14:51,wbc,120.1,45.33,138,152,1599,14,55.0,75.0,1.8,2,120,50.0,1.8,0.9,0.7,1.4,2.0,50.0,120.0
2026-04-13,23:14:51,23:15:05,wbc,120.1,41.83,138,152,1301,14,55.0,75.0,1.8,2,120,50.0,1.8,0.9,0.7,1.4,2.0,50.0,120.0
2026-04-13,23:15:05,23:15:20,wbc,120.1,44.33,132,152,1440,14,55.0,75.0,1.8,2,120,50.0,1.8,0.9,0.7,1.4,2.0,50.0,120.0
2026-04-13,23:15:20,23:15:35,wbc,120.1,47.53,132,152,1557,14,55.0,75.0,1.8,2,120,30.0,0.8,0.9,0.7,1.4,2.0,50.0,120.0
2026-04-13,23:15:35,23:15:49,wbc,120.1,42.03,143,152,1653,14,55.0,75.0,1.8,2,120,30.0,0.8,0.9,0.7,1.4,2.0,50.0,120.0
2026-04-13,23:15:49,23:16:03,virus,115.4,50.03,133,148,1347,14,55.0,75.0,1.8,2,120,30.0,0.8,0.9,0.7,1.4,2.0,50.0,120.0
2026-04-13,23:16:03,23:16:17,wbc,120.1,47.60,138,152,1575,14,55.0,75.0,1.8,2,120,30.0,1.2,0.9,0.7,1.4,2.0,50.0,120.0
2026-04-13,23:16:18,23:16:32,wbc,120.1,48.31,139,152,1514,14,55.0,75.0,1.8,2,120,30.0,1.2,0.9,0.7,1.4,2.0,50.0,120.0
2026-04-13,23:16:32,23:16:47,wbc,120.1,45.89,136,152,1615,14,55.0,75.0,1.8,2,120,30.0,1.2,0.9,0.7,1.4,2.0,50.0,120.0
2026-04-13,23:16:47,23:17:01,wbc,120.1,46.33,136,152,1288,14,55.0,75.0,1.8,2,120,30.0,1.8,0.9,0.7,1.4,2.0,50.0,120.0
2026-04-13,23:17:01,23:17:14,wbc,120.1,42.28,135,152,1506,14,55.0,75.0,1.8,2,120,30.0,1.8,0.9,0.7,1.4,2.0,50.0,120.0
2026-04-13,23:17:14,23:17:29,wbc,120.1,37.81,136,152,1691,14,55.0,75.0,1.8,2,120,30.0,1.8,0.9,0.7,1.4,2.0,50.0,120.0
2026-04-13,23:17:29,23:17:43,wbc,120.1,43.77,137,152,1427,14,55.0,75.0,1.8,2,120,30.0,2.4,0.9,0.7,1.4,2.0,50.0,120.0
2026-04-13,23:17:43,23:17:57,wbc,120.1,48.86,138,152,1473,14,55.0,75.0,1.8,2,120,30.0,2.4,0.9,0.7,1.4,2.0,50.0,120.0
2026-04-13,23:17:57,23:18:11,wbc,120.1,47.02,138,152,1549,14,55.0,75.0,1.8,2,120,30.0,2.4,0.9,0.7,1.4,2.0,50.0,120.0
2026-04-13,23:18:11,23:18:25,wbc,120.1,45.66,138,152,1561,14,55.0,75.0,1.8,2,120,30.0,3.0,0.9,0.7,1.4,2.0,50.0,120.0
2026-04-13,23:18:25,23:18:39,wbc,120.1,42.34,139,152,1432,14,55.0,75.0,1.8,2,120,30.0,3.0,0.9,0.7,1.4,2.0,50.0,120.0
2026-04-13,23:18:39,23:18:52,wbc,120.1,44.40,138,152,1496,14,55.0,75.0,1.8,2,120,30.0,3.0,0.9,0.7,1.4,2.0,50.0,120.0
2026-04-13,23:18:52,23:19:07,wbc,120.1,45.81,132,152,1431,14,55.0,75.0,1.8,2,120,30.0,1.8,0.3,0.7,1.4,2.0,50.0,120.0
2026-04-13,23:19:08,23:19:22,wbc,120.1,45.58,136,152,1634,14,55.0,75.0,1.8,2,120,30.0,1.8,0.3,0.7,1.4,2.0,50.0,120.0
2026-04-13,23:19:22,23:19:37,wbc,120.1,43.03,134,152,1636,14,55.0,75.0,1.8,2,120,30.0,1.8,0.3,0.7,1.4,2.0,50.0,120.0
2026-04-13,23:19:37,23:19:51,wbc,120.1,47.35,142,152,1301,14,55.0,75.0,1.8,2,120,30.0,1.8,0.6,0.7,1.4,2.0,50.0,120.0
2026-04-13,23:19:51,23:20:04,virus,107.6,50.00,122,138,1241,14,55.0,75.0,1.8,2,120,30.0,1.8,0.6,0.7,1.4,2.0,50.0,120.0
2026-04-13,23:20:04,23:20:18,wbc,120.1,44.76,138,152,1250,14,55.0,75.0,1.8,2,120,30.0,1.8,0.6,0.7,1.4,2.0,50.0,120.0
2026-04-13,23:20:18,23:20:32,wbc,120.1,40.81,143,152,1424,14,55.0,75.0,1.8,2,120,30.0,1.8,0.9,0.7,1.4,2.0,50.0,120.0
2026-04-13,23:20:32,23:20:46,virus,114.6,50.03,133,146,1439,14,55.0,75.0,1.8,2,120,30.0,1.8,0.9,0.7,1.4,2.0,50.0,120.0
2026-04-13,23:20:46,23:20:59,wbc,120.1,41.33,134,152,1466,14,55.0,75.0,1.8,2,120,30.0,1.8,0.9,0.7,1.4,2.0,50.0,120.0
2026-04-13,23:20:59,23:21:13,wbc,120.1,45.99,135,152,1267,14,55.0,75.0,1.8,2,120,30.0,1.8,1.2,0.7,1.4,2.0,50.0,120.0
2026-04-13,23:21:13,23:21:27,wbc,120.1,49.56,136,152,1384,14,55.0,75.0,1.8,2,120,30.0,1.8,1.2,0.7,1.4,2.0,50.0,120.0
2026-04-13,23:21:27,23:21:41,wbc,120.1,42.56,139,152,1556,14,55.0,75.0,1.8,2,120,30.0,1.8,1.2,0.7,1.4,2.0,50.0,120.0
2026-04-13,23:21:41,23:21:56,wbc,120.1,48.18,136,152,1479,14,55.0,75.0,1.8,2,120,30.0,1.8,1.8,0.7,1.4,2.0,50.0,120.0
2026-04-13,23:21:57,23:22:11,wbc,120.1,47.96,136,152,1394,14,55.0,75.0,1.8,2,120,30.0,1.8,1.8,0.7,1.4,2.0,50.0,120.0
2026-04-13,23:22:11,23:22:26,wbc,120.1,49.07,135,152,1793,14,55.0,75.0,1.8,2,120,30.0,1.8,1.8,0.7,1.4,2.0,50.0,120.0
2026-04-13,23:22:26,23:22:41,wbc,120.1,46.96,131,152,1604,14,55.0,75.0,1.8,2,120,30.0,1.8,0.9,0.2,1.4,2.0,50.0,120.0
2026-04-13,23:22:41,23:22:56,wbc,120.1,46.88,136,152,1358,14,55.0,75.0,1.8,2,120,30.0,1.8,0.9,0.2,1.4,2.0,50.0,120.0
2026-04-13,23:22:56,23:23:08,wbc,120.1,40.44,139,152,1484,14,55.0,75.0,1.8,2,120,30.0,1.8,0.9,0.2,1.4,2.0,50.0,120.0
2026-04-13,23:23:08,23:23:23,wbc,120.1,48.02,142,152,1415,14,55.0,75.0,1.8,2,120,30.0,1.8,0.9,0.4,1.4,2.0,50.0,120.0
2026-04-13,23:23:23,23:23:38,wbc,120.1,41.65,136,152,1641,14,55.0,75.0,1.8,2,120,30.0,1.8,0.9,0.4,1.4,2.0,50.0,120.0
2026-04-13,23:23:38,23:23:51,wbc,120.1,44.65,142,152,1462,14,55.0,75.0,1.8,2,120,30.0,1.8,0.9,0.4,1.4,2.0,50.0,120.0
2026-04-13,23:23:51,23:24:05,wbc,120.1,41.65,138,152,1492,14,55.0,75.0,1.8,2,120,30.0,1.8,0.9,0.7,1.4,2.0,50.0,120.0
2026-04-13,23:24:05,23:24:19,wbc,120.1,46.82,136,152,1508,14,55.0,75.0,1.8,2,120,30.0,1.8,0.9,0.7,1.4,2.0,50.0,120.0
2026-04-13,23:24:19,23:24:31,wbc,120.1,40.14,143,152,1468,14,55.0,75.0,1.8,2,120,30.0,1.8,0.9,0.7,1.4,2.0,50.0,120.0
2026-04-13,23:24:31,23:24:45,wbc,120.1,42.75,139,152,1359,14,55.0,75.0,1.8,2,120,30.0,1.8,0.9,1.0,1.4,2.0,50.0,120.0
2026-04-13,23:24:45,23:24:59,wbc,120.1,41.40,142,152,1627,14,55.0,75.0,1.8,2,120,30.0,1.8,0.9,1.0,1.4,2.0,50.0,120.0
2026-04-13,23:24:59,23:25:13,wbc,120.1,45.70,138,152,1405,14,55.0,75.0,1.8,2,120,30.0,1.8,0.9,1.0,1.4,2.0,50.0,120.0
2026-04-13,23:25:13,23:25:27,wbc,120.1,45.26,141,152,1585,14,55.0,75.0,1.8,2,120,30.0,1.8,0.9,1.5,1.4,2.0,50.0,120.0
2026-04-13,23:25:27,23:25:41,virus,118.9,50.00,131,152,1420,14,55.0,75.0,1.8,2,120,30.0,1.8,0.9,1.5,1.4,2.0,50.0,120.0
2026-04-13,23:25:41,23:25:55,wbc,120.1,45.15,134,152,1330,14,55.0,75.0,1.8,2,120,30.0,1.8,0.9,1.5,1.4,2.0,50.0,120.0
2026-04-13,23:25:55,23:26:09,wbc,120.1,42.40,136,152,1555,14,55.0,75.0,1.8,2,120,30.0,1.8,0.9,0.7,0.5,2.0,50.0,120.0
2026-04-13,23:26:10,23:26:24,wbc,120.1,44.88,136,152,1516,14,55.0,75.0,1.8,2,120,30.0,1.8,0.9,0.7,0.5,2.0,50.0,120.0
2026-04-13,23:26:24,23:26:39,wbc,120.1,48.80,139,152,1483,14,55.0,75.0,1.8,2,120,30.0,1.8,0.9,0.7,0.5,2.0,50.0,120.0
2026-04-13,23:26:39,23:26:53,wbc,120.1,47.95,138,152,1421,14,55.0,75.0,1.8,2,120,30.0,1.8,0.9,0.7,1.0,2.0,50.0,120.0
2026-04-13,23:26:54,23:27:08,wbc,120.1,44.34,141,152,1597,14,55.0,75.0,1.8,2,120,30.0,1.8,0.9,0.7,1.0,2.0,50.0,120.0
2026-04-13,23:27:08,23:27:22,wbc,120.1,48.13,138,152,1314,14,55.0,75.0,1.8,2,120,30.0,1.8,0.9,0.7,1.0,2.0,50.0,120.0
2026-04-13,23:27:22,23:27:36,wbc,120.1,42.85,140,152,1464,14,55.0,75.0,1.8,2,120,30.0,1.8,0.9,0.7,1.4,2.0,50.0,120.0
2026-04-13,23:27:36,23:27:50,wbc,120.1,47.67,133,152,1385,14,55.0,75.0,1.8,2,120,30.0,1.8,0.9,0.7,1.4,2.0,50.0,120.0
2026-04-13,23:27:50,23:28:04,wbc,120.1,47.60,138,152,1281,14,55.0,75.0,1.8,2,120,30.0,1.8,0.9,0.7,1.4,2.0,50.0,120.0
2026-04-13,23:28:04,23:28:18,wbc,120.1,45.79,138,152,1552,14,55.0,75.0,1.8,2,120,30.0,1.8,0.9,0.7,1.8,2.0,50.0,120.0
2026-04-13,23:28:18,23:28:32,wbc,120.1,44.17,137,152,1490,14,55.0,75.0,1.8,2,120,30.0,1.8,0.9,0.7,1.8,2.0,50.0,120.0
2026-04-13,23:28:32,23:28:46,wbc,120.1,47.07,139,152,1592,14,55.0,75.0,1.8,2,120,30.0,1.8,0.9,0.7,1.8,2.0,50.0,120.0
2026-04-13,23:28:46,23:29:00,wbc,120.1,45.10,140,152,1504,14,55.0,75.0,1.8,2,120,30.0,1.8,0.9,0.7,2.5,2.0,50.0,120.0
2026-04-13,23:29:00,23:29:14,wbc,120.1,45.74,134,152,1622,14,55.0,75.0,1.8,2,120,30.0,1.8,0.9,0.7,2.5,2.0,50.0,120.0
2026-04-13,23:29:14,23:29:28,wbc,120.1,46.58,138,152,1452,14,55.0,75.0,1.8,2,120,30.0,1.8,0.9,0.7,2.5,2.0,50.0,120.0
2026-04-13,23:29:29,23:29:43,wbc,120.1,43.78,138,152,1494,14,55.0,75.0,1.8,2,120,30.0,1.8,0.9,0.7,1.4,0.8,50.0,120.0
2026-04-13,23:29:43,23:29:57,wbc,120.1,47.30,133,152,1547,14,55.0,75.0,1.8,2,120,30.0,1.8,0.9,0.7,1.4,0.8,50.0,120.0
2026-04-13,23:29:57,23:30:10,wbc,120.1,45.83,137,152,1615,14,55.0,75.0,1.8,2,120,30.0,1.8,0.9,0.7,1.4,0.8,50.0,120.0
2026-04-13,23:30:11,23:30:25,virus,119.1,50.01,136,152,1630,14,55.0,75.0,1.8,2,120,30.0,1.8,0.9,0.7,1.4,1.4,50.0,120.0
2026-04-13,23:30:25,23:30:39,wbc,120.1,46.37,139,152,1374,14,55.0,75.0,1.8,2,120,30.0,1.8,0.9,0.7,1.4,1.4,50.0,120.0
2026-04-13,23:30:39,23:30:54,wbc,120.1,44.99,141,152,1493,14,55.0,75.0,1.8,2,120,30.0,1.8,0.9,0.7,1.4,1.4,50.0,120.0
2026-04-13,23:30:54,23:31:08,wbc,120.1,42.40,139,152,1516,14,55.0,75.0,1.8,2,120,30.0,1.8,0.9,0.7,1.4,2.0,50.0,120.0
2026-04-13,23:31:08,23:31:22,wbc,120.1,46.97,136,152,1511,14,55.0,75.0,1.8,2,120,30.0,1.8,0.9,0.7,1.4,2.0,50.0,120.0
2026-04-13,23:31:22,23:31:37,wbc,120.1,44.78,138,152,1605,14,55.0,75.0,1.8,2,120,30.0,1.8,0.9,0.7,1.4,2.0,50.0,120.0
2026-04-13,23:31:37,23:31:50,wbc,120.1,40.44,137,152,1358,14,55.0,75.0,1.8,2,120,30.0,1.8,0.9,0.7,1.4,2.8,50.0,120.0
2026-04-13,23:31:50,23:32:04,wbc,120.1,48.03,142,152,1572,14,55.0,75.0,1.8,2,120,30.0,1.8,0.9,0.7,1.4,2.8,50.0,120.0
2026-04-13,23:32:04,23:32:19,wbc,120.1,46.71,140,152,1330,14,55.0,75.0,1.8,2,120,30.0,1.8,0.9,0.7,1.4,2.8,50.0,120.0
2026-04-13,23:32:19,23:32:33,wbc,120.1,43.11,141,152,1388,14,55.0,75.0,1.8,2,120,30.0,1.8,0.9,0.7,1.4,3.5,50.0,120.0
2026-04-13,23:32:33,23:32:47,wbc,120.1,42.05,136,152,1243,14,55.0,75.0,1.8,2,120,30.0,1.8,0.9,0.7,1.4,3.5,50.0,120.0
2026-04-13,23:32:47,23:33:01,wbc,120.1,45.12,135,152,1407,14,55.0,75.0,1.8,2,120,30.0,1.8,0.9,0.7,1.4,3.5,50.0,120.0
2026-04-13,23:33:01,23:33:16,wbc,120.1,42.40,139,152,1629,14,55.0,75.0,1.8,2,120,30.0,1.8,0.9,0.7,1.4,2.0,50.0,120.0
2026-04-13,23:33:16,23:33:30,wbc,120.1,46.24,139,152,1542,14,55.0,75.0,1.8,2,120,30.0,1.8,0.9,0.7,1.4,2.0,50.0,120.0
2026-04-13,23:33:30,23:33:44,wbc,120.1,46.68,136,152,1423,14,55.0,75.0,1.8,2,120,30.0,1.8,0.9,0.7,1.4,2.0,50.0,120.0
2026-04-13,23:33:44,23:33:57,wbc,120.1,42.53,138,152,1423,14,55.0,75.0,1.8,2,120,30.0,1.8,0.9,0.7,1.4,2.0,50.0,120.0
2026-04-13,23:33:57,23:34:10,wbc,120.1,42.65,140,152,1243,14,55.0,75.0,1.8,2,120,30.0,1.8,0.9,0.7,1.4,2.0,50.0,120.0
2026-04-13,23:34:10,23:34:24,wbc,120.1,44.33,141,152,1369,14,55.0,75.0,1.8,2,120,30.0,1.8,0.9,0.7,1.4,2.0,50.0,120.0
2026-04-13,23:34:24,23:34:38,wbc,120.1,44.03,136,152,1534,14,55.0,75.0,1.8,2,120,30.0,1.8,0.9,0.7,1.4,2.0,50.0,120.0
2026-04-13,23:34:38,23:34:53,wbc,120.1,45.15,139,152,1508,14,55.0,75.0,1.8,2,120,30.0,1.8,0.9,0.7,1.4,2.0,50.0,120.0
2026-04-13,23:34:53,23:35:06,wbc,120.1,41.51,135,152,1530,14,55.0,75.0,1.8,2,120,30.0,1.8,0.9,0.7,1.4,2.0,50.0,120.0
2026-04-13,23:35:06,23:35:20,wbc,120.1,42.69,140,152,1395,14,55.0,75.0,1.8,2,120,30.0,1.8,0.9,0.7,1.4,2.0,50.0,120.0
2026-04-13,23:35:20,23:35:34,wbc,120.1,41.67,142,152,1636,14,55.0,75.0,1.8,2,120,30.0,1.8,0.9,0.7,1.4,2.0,50.0,120.0
2026-04-13,23:35:34,23:35:48,wbc,120.1,44.19,143,152,1378,14,55.0,75.0,1.8,2,120,30.0,1.8,0.9,0.7,1.4,2.0,50.0,120.0
2026-04-13,23:35:48,23:36:02,wbc,120.1,43.32,134,152,1482,14,55.0,75.0,1.8,2,120,30.0,1.8,0.9,0.7,1.4,2.0,50.0,120.0
2026-04-13,23:36:02,23:36:16,wbc,120.1,45.92,140,152,1575,14,55.0,75.0,1.8,2,120,30.0,1.8,0.9,0.7,1.4,2.0,50.0,120.0
2026-04-13,23:36:17,23:36:32,wbc,120.1,47.45,134,152,1502,14,55.0,75.0,1.8,2,120,30.0,1.8,0.9,0.7,1.4,2.0,50.0,120.0
2026-04-13,23:36:32,23:36:46,wbc,120.1,41.78,140,152,1488,14,55.0,75.0,1.8,2,120,30.0,1.8,0.9,0.7,1.4,2.0,50.0,120.0
2026-04-13,23:36:46,23:37:01,wbc,120.1,47.83,138,152,1596,14,55.0,75.0,1.8,2,120,30.0,1.8,0.9,0.7,1.4,2.0,50.0,120.0
2026-04-13,23:37:01,23:37:16,wbc,120.1,42.84,132,152,1575,14,55.0,75.0,1.8,2,120,30.0,1.8,0.9,0.7,1.4,2.0,50.0,120.0
2026-04-13,23:37:16,23:37:30,wbc,120.1,49.06,137,152,1540,14,55.0,75.0,1.8,2,120,30.0,1.8,0.9,0.7,1.4,2.0,50.0,120.0
2026-04-13,23:37:30,23:37:44,wbc,120.1,44.45,136,152,1374,14,55.0,75.0,1.8,2,120,30.0,1.8,0.9,0.7,1.4,2.0,50.0,120.0
2026-04-13,23:37:44,23:37:58,wbc,120.1,40.44,144,152,1685,14,55.0,75.0,1.8,2,120,30.0,1.8,0.9,0.7,1.4,2.0,50.0,120.0
2026-04-13,23:37:58,23:38:11,wbc,120.1,39.88,139,152,1524,14,55.0,75.0,1.8,2,120,30.0,1.8,0.9,0.7,1.4,2.0,50.0,120.0
2026-04-13,23:38:12,23:38:26,wbc,120.1,46.74,139,152,1454,14,55.0,75.0,1.8,2,120,30.0,1.8,0.9,0.7,1.4,2.0,50.0,120.0
2026-04-13,23:38:27,23:38:41,wbc,120.1,47.38,140,152,1502,14,55.0,75.0,1.8,2,120,30.0,1.8,0.9,0.7,1.4,2.0,50.0,120.0
2026-04-13,23:38:41,23:38:54,wbc,120.1,41.11,139,152,1553,14,55.0,75.0,1.8,2,120,30.0,1.8,0.9,0.7,1.4,2.0,50.0,120.0
2026-04-13,23:38:54,23:39:08,wbc,120.1,40.12,138,152,1404,14,55.0,75.0,1.8,2,120,30.0,1.8,0.9,0.7,1.4,2.0,50.0,120.0
2026-04-13,23:39:08,23:39:22,wbc,120.1,47.00,136,152,1408,14,55.0,75.0,1.8,2,120,30.0,1.8,0.9,0.7,1.4,2.0,50.0,120.0
2026-04-13,23:39:22,23:39:36,virus,116.3,50.03,133,148,1203,14,55.0,75.0,1.8,2,120,30.0,1.8,0.9,0.7,1.4,2.0,50.0,120.0
2026-04-13,23:39:36,23:39:50,wbc,120.1,47.08,140,152,1561,14,55.0,75.0,1.8,2,120,30.0,1.8,0.9,0.7,1.4,2.0,50.0,120.0
2026-04-13,23:39:50,23:40:04,wbc,120.1,44.95,138,152,1340,14,55.0,75.0,1.8,2,120,30.0,1.8,0.9,0.7,1.4,2.0,50.0,120.0
2026-04-13,23:40:04,23:40:18,wbc,120.1,43.01,136,152,1607,14,55.0,75.0,1.8,2,120,30.0,1.8,0.9,0.7,1.4,2.0,50.0,120.0
2026-04-13,23:40:18,23:40:32,wbc,120.1,43.62,132,152,1968,14,55.0,75.0,1.8,2,120,30.0,1.8,0.9,0.7,1.4,2.0,50.0,120.0
2026-04-13,23:40:32,23:40:46,wbc,120.1,42.03,139,152,1774,14,55.0,75.0,1.8,2,120,30.0,1.8,0.9,0.7,1.4,2.0,50.0,120.0
2026-04-13,23:40:46,23:41:00,wbc,120.1,45.21,137,152,1682,14,55.0,75.0,1.8,2,120,30.0,1.8,0.9,0.7,1.4,2.0,50.0,120.0
2026-04-13,23:41:00,23:41:14,wbc,120.1,48.82,136,152,1469,14,55.0,75.0,1.8,2,120,30.0,1.8,0.9,0.7,1.4,2.0,50.0,120.0
2026-04-13,23:41:14,23:41:29,wbc,120.1,47.18,138,152,1503,14,55.0,75.0,1.8,2,120,30.0,1.8,0.9,0.7,1.4,2.0,50.0,120.0
2026-04-13,23:41:29,23:41:44,wbc,120.1,47.33,137,152,1330,14,55.0,75.0,1.8,2,120,30.0,1.8,0.9,0.7,1.4,2.0,50.0,120.0
2026-04-13,23:41:44,23:41:58,wbc,120.1,45.17,141,152,1418,14,55.0,75.0,1.8,2,120,30.0,1.8,0.9,0.7,1.4,2.0,50.0,120.0
2026-04-13,23:41:58,23:42:12,wbc,120.1,46.67,141,152,1512,14,55.0,75.0,1.8,2,120,30.0,1.8,0.9,0.7,1.4,2.0,50.0,120.0
2026-04-13,23:42:12,23:42:26,wbc,120.1,46.28,144,152,1403,14,55.0,75.0,1.8,2,120,30.0,1.8,0.9,0.7,1.4,2.0,50.0,120.0
2026-04-13,23:42:26,23:42:40,wbc,120.1,43.88,138,152,1495,14,55.0,75.0,1.8,2,120,30.0,1.8,0.9,0.7,1.4,2.0,50.0,120.0
2026-04-13,23:42:40,23:42:54,wbc,120.1,45.58,134,152,1479,14,55.0,75.0,1.8,2,120,30.0,1.8,0.9,0.7,1.4,2.0,50.0,120.0
2026-04-13,23:42:54,23:43:08,wbc,120.1,45.69,133,152,1345,14,55.0,75.0,1.8,2,120,30.0,1.8,0.9,0.7,1.4,2.0,50.0,120.0
2026-04-13,23:43:08,23:43:22,wbc,120.1,46.47,133,152,1421,14,55.0,75.0,1.8,2,120,30.0,1.8,0.9,0.7,1.4,2.0,50.0,120.0
2026-04-13,23:43:22,23:43:36,wbc,120.1,47.08,140,152,1236,14,55.0,75.0,1.8,2,120,30.0,1.8,0.9,0.7,1.4,2.0,50.0,120.0
